timestamp_utc,action,ticker,shares,price,amount,timing_score,approach
2026-10-02 02:38 UTC,BUY,MU,0.068344,1097.39,75.0,85,Approach 2
2026-10-02 02:38 UTC,BUY,STX,0.079317,945.57,75.0,85,Approach 2
2026-10-02 02:38 UTC,BUY,XOM,0.45782,163.82,75.0,85,Approach 2
2026-10-02 02:38 UTC,BUY,JNJ,0.289956,258.66,75.0,85,Approach 2
2026-10-02 02:38 UTC,BUY,LLY,0.065226,1149.85,75.0,85,Approach 2
2026-10-02 02:38 UTC,BUY,GOOGL,0.221736,338.24,75.0,85,Approach 2
2026-10-02 02:38 UTC,BUY,AAPL,0.227053,330.32,75.0,85,Approach 2
2026-10-02 02:38 UTC,BUY,NVDA,0.324872,230.86,75.0,85,Approach 2
2026-10-03 23:25 UTC,BUY,MRNA,2.039366,190.01,387.5,85,Approach 2,
2026-10-03 23:25 UTC,BUY,DELL,0.688864,562.52,387.5,85,Approach 2,
2026-10-03 23:25 UTC,BUY,AMD,0.611286,633.91,387.5,85,Approach 2,
2026-10-03 23:25 UTC,BUY,MU,0.360502,1074.89,387.5,85,Approach 2,
2026-10-03 23:25 UTC,BUY,HPE,5.589211,69.33,387.5,85,Approach 2,
2026-10-03 23:25 UTC,BUY,TEAM,2.062377,187.89,387.5,85,Approach 2,
2026-10-05 13:54 UTC,BUY,MRNA,2.042484,189.72,387.5,85,Approach 2,
2026-10-05 13:54 UTC,BUY,DELL,0.698859,554.475,387.5,85,Approach 2,
2026-10-05 13:54 UTC,BUY,TEAM,1.998453,193.9,387.5,85,Approach 2,
2026-10-05 13:54 UTC,BUY,AMD,0.614236,630.865,387.5,85,Approach 2,
2026-10-05 13:54 UTC,BUY,MU,0.366413,1057.55,387.5,85,Approach 2,
2026-10-05 13:54 UTC,BUY,HPE,5.733885,67.5807,387.5,85,Approach 2,
2026-10-06 14:53 UTC,BUY,MRNA,2.031987,190.7,387.5,85,Approach 2,
2026-10-06 14:53 UTC,BUY,DELL,0.670891,577.59,387.5,85,Approach 2,
2026-10-06 14:53 UTC,BUY,TEAM,1.98159,195.55,387.5,85,Approach 2,
2026-10-06 14:53 UTC,BUY,OKTA,1.770457,218.87,387.5,85,Approach 2,
2026-10-06 14:53 UTC,BUY,HPE,5.505043,70.39,387.5,85,Approach 2,
2026-10-06 14:53 UTC,BUY,AMD,0.595508,650.7046,387.5,85,Approach 2,
2026-10-07 15:56 UTC,BUY,MRNA,2.006992,193.075,387.5,85,Approach 2,
2026-10-07 15:56 UTC,BUY,TEAM,1.968704,196.83,387.5,85,Approach 2,
2026-10-07 15:56 UTC,BUY,OKTA,1.778298,217.905,387.5,85,Approach 2,
2026-10-07 15:56 UTC,BUY,DELL,0.668426,579.72,387.5,85,Approach 2,
2026-10-07 15:56 UTC,BUY,HPE,5.315136,72.905,387.5,85,Approach 2,
2026-10-07 15:56 UTC,BUY,AMD,0.600022,645.81,387.5,85,Approach 2,
2026-10-08 16:55 UTC,BUY,MRNA,1.970907,196.61,387.5,85,Approach 2,
2026-10-08 16:55 UTC,BUY,TEAM,1.932283,200.54,387.5,85,Approach 2,
2026-10-08 16:55 UTC,BUY,OKTA,1.756454,220.615,387.5,85,Approach 2,
2026-10-08 16:55 UTC,BUY,DELL,0.676508,572.7946,387.5,85,Approach 2,
2026-10-08 16:55 UTC,BUY,HPE,5.47858,70.73,387.5,85,Approach 2,
2026-10-08 16:55 UTC,BUY,SNOW,1.137464,340.67,387.5,85,Approach 2,
